First Name,Last Name,Mailing Address,Mailing City,Mailing State,Mailing Zip,Property Address,Property City,Property State,Property Zip,Lead Type,Document Type,Date Filed,Document Number,Amount/Debt Owed,Seller Score,Motivated Seller Flags,Source,Public Records URL,Tags
Theresa D,Henson,,,,,,,GA,,Pre-Foreclosure,Notice of Sale Under Power,2026-10-07,GPN-RNC1233,,65,Pre-foreclosure; New this week,Georgia Public Notice (legal organ advertisement),https://www.georgiapublicnotice.com/search.aspx,"rockdalescraper,preforeclosure"
Vincent,Mcwhinney,,,,,,,GA,,Pre-Foreclosure,Notice of Sale Under Power,2026-10-07,GPN-RNC1226,,65,Pre-foreclosure; New this week,Georgia Public Notice (legal organ advertisement),https://www.georgiapublicnotice.com/search.aspx,"rockdalescraper,preforeclosure"
Derick,Mccrary,,,,,,,GA,,Pre-Foreclosure,Notice of Sale Under Power,2026-10-07,GPN-RNC1223,,65,Pre-foreclosure; New this week,Georgia Public Notice (legal organ advertisement),https://www.georgiapublicnotice.com/search.aspx,"rockdalescraper,preforeclosure"
Alfretta,Lynch,,,,,,,GA,,Pre-Foreclosure,Notice of Sale Under Power,2026-10-07,GPN-RNC1222,,65,Pre-foreclosure; New this week,Georgia Public Notice (legal organ advertisement),https://www.georgiapublicnotice.com/search.aspx,"rockdalescraper,preforeclosure"
Lyndon,Green,,,,,,,GA,,Pre-Foreclosure,Notice of Sale Under Power,2026-10-07,GPN-RNC1203,,65,Pre-foreclosure; New this week,Georgia Public Notice (legal organ advertisement),https://www.georgiapublicnotice.com/search.aspx,"rockdalescraper,preforeclosure"
Andrea,Ellis-Francis,,,,,,,GA,,Pre-Foreclosure,Notice of Sale Under Power,2026-09-30,GPN-RNC9960,,65,Pre-foreclosure; New this week,Georgia Public Notice (legal organ advertisement),https://www.georgiapublicnotice.com/search.aspx,"rockdalescraper,preforeclosure"
Patrick,Asumadu,,,,,,,GA,,Pre-Foreclosure,Notice of Sale Under Power,2026-09-30,GPN-RNC9951,,65,Pre-foreclosure; New this week,Georgia Public Notice (legal organ advertisement),https://www.georgiapublicnotice.com/search.aspx,"rockdalescraper,preforeclosure"
Melven D,Johnson,,,,,,,GA,,Pre-Foreclosure,Notice of Sale Under Power,2026-09-30,GPN-RNC9941,,65,Pre-foreclosure; New this week,Georgia Public Notice (legal organ advertisement),https://www.georgiapublicnotice.com/search.aspx,"rockdalescraper,preforeclosure"
Thomas,Arthur,,,,,,,GA,,Pre-Foreclosure,Notice of Sale Under Power,2026-09-30,GPN-RNC9939,,65,Pre-foreclosure; New this week,Georgia Public Notice (legal organ advertisement),https://www.georgiapublicnotice.com/search.aspx,"rockdalescraper,preforeclosure"
Octavia Davitte,Williams,,,,,,,GA,,Pre-Foreclosure,Notice of Sale Under Power,2026-09-30,GPN-RNC9938,,65,Pre-foreclosure; New this week,Georgia Public Notice (legal organ advertisement),https://www.georgiapublicnotice.com/search.aspx,"rockdalescraper,preforeclosure"
Estate,,,,,,,,GA,,Tax Delinquent / Tax Sale,Legal Notice (TAX),2026-09-02,GPN-RNC9871,,60,Tax delinquent; New this week,Georgia Public Notice (legal organ advertisement),https://www.georgiapublicnotice.com/search.aspx,"rockdalescraper,taxlien"
Sarah F,Hawkins,,,,,,,GA,,,Legal Notice (),2026-09-30,GPN-RNC9937,,35,New this week,Georgia Public Notice (legal organ advertisement),https://www.georgiapublicnotice.com/search.aspx,"rockdalescraper,unknown"
